{"stats":{"minecraft:killed":{"zombie_extreme:infected_hazmat":1,"minecraft:creeper":1},"minecraft:dropped":{"minecraft:bricks":42,"minecraft:oak_slab":1,"minecraft:glass_bottle":1,"tacz:modern_kinetic_gun":1,"minecraft:sandstone":1,"minecraft:sand":5,"zombie_extreme:sand_bag":5,"minecraft:bone":4},"minecraft:mined":{"minecraft:oak_slab":1,"minecraft:brick_slab":4,"zombie_extreme:tube_tv":1,"zombie_extreme:decomposing_backpack":1,"zombie_extreme:trader_table":2,"minecraft:smooth_stone_slab":16,"minecraft:lever":1,"zombie_extreme:cupboard":1,"minecraft:brick_stairs":2,"minecraft:chest":1,"minecraft:oak_stairs":1,"minecraft:iron_bars":12,"minecraft:sand":6,"zombie_extreme:dead_body":1,"minecraft:glass":8,"bunker_down:steel_block":7,"minecraft:bricks":149,"zombie_extreme:sand_bag":3,"minecraft:sandstone":2,"zombie_extreme:wooden_chair":1},"minecraft:picked_up":{"minecraft:oak_slab":1,"minecraft:sandstone":1,"zombie_extreme:wooden_chair":1,"zombie_extreme:soda_used":1,"zombie_extreme:trader_table":2,"minecraft:bowl":2,"minecraft:oak_stairs":1,"minecraft:sand":5,"minecraft:gunpowder":1,"minecraft:string":1,"minecraft:brick_slab":1,"zombie_extreme:dead_body":1,"zombie_extreme:chips":2,"minecraft:smooth_stone_slab":3,"zombie_extreme:hazmat_suit_chestplate":1,"minecraft:rotten_flesh":1,"minecraft:yellow_carpet":7,"zombie_extreme:cupboard":1,"minecraft:bone":4,"minecraft:wheat_seeds":1,"minecraft:bucket":1,"zombie_extreme:sand_bag":5,"minecraft:brick_stairs":1,"zombie_extreme:cloth":1,"minecraft:glass_bottle":1,"minecraft:chest":1,"minecraft:bricks":136,"minecraft:iron_bars":10,"zombie_extreme:tube_tv":1},"minecraft:custom":{"minecraft:time_since_rest":4471,"minecraft:sprint_one_cm":6533,"minecraft:walk_one_cm":8587,"minecraft:mob_kills":2,"minecraft:drop":15,"minecraft:fly_one_cm":30763,"minecraft:open_chest":5,"minecraft:crouch_one_cm":227,"minecraft:play_time":4471,"minecraft:sneak_time":50,"minecraft:jump":23,"minecraft:leave_game":1,"minecraft:time_since_death":4471,"minecraft:climb_one_cm":6231,"minecraft:total_world_time":4471}},"DataVersion":3465}