{"stats":{"minecraft:dropped":{"zombiekit:painkiller":3,"zombiekit:exo_boots":2,"zombiekit:standard_tactical_helmet":1,"zombiekit:molotov_cocktail":2,"zombiekit:battery":1,"minecraft:item_frame":1,"zombiekit:bomb_boots":3,"tacz:ammo_box":2,"zombie_extreme:magnetic_card":2,"zombie_extreme:black_ops_glasses_helmet":1,"zombiekit:bomb_chestplate":3,"zombiekit:standard_tactical_chestplate":1,"zombie_extreme:night_vision_glasses_helmet":1,"zombiekit:exo_chestplate":2,"tacz:modern_kinetic_gun":19,"zombiekit:standard_tactical_boots":1,"zombiekit:bomb_leggings":3,"zombie_extreme:dog_food":18,"zombie_extreme:syringe_adrenaline":4,"zombie_extreme:electric_katana":1,"zombiekit:bomb_helmet":5,"zombie_extreme:black_ops_magnetic_card":1,"minecraft:enchanted_golden_apple":139,"zombie_extreme:canned_food":354,"zombiekit:bile_jar":6,"zombiekit:medical_kit":2,"zombiekit:exo_leggings":2,"zombie_extreme:bandage":419,"zombiekit:miracle":2,"zombiekit:standard_tactical_leggings":1,"tacz:ammo":120,"zombiekit:exo_helmet":2,"tacz:attachment":7},"minecraft:mined":{"zombiekit:flares_light":1,"minecraft:fire":14,"zombiekit:trap_cover":2,"minecraft:oak_wood":2,"minecraft:yellow_wool":1},"minecraft:picked_up":{"zombiekit:medical_kit":5,"zombiekit:miracle":3,"minecraft:chicken":5,"minecraft:yellow_wool":1,"minecraft:wooden_pickaxe":1,"minecraft:brick":1,"zombie_extreme:military_suit_helmet":2,"minecraft:item_frame":3,"tacz:ammo":20,"minecraft:gold_nugget":1,"zombiekit:bile_jar":15,"zombiekit:molotov_cocktail":2,"zombiekit:exo_chestplate":2,"minecraft:beef":34,"minecraft:red_dye":1,"tacz:target":10,"minecraft:poppy":4,"minecraft:egg":17,"minecraft:stick":4,"zombiekit:machine_gun_components":5,"zombie_extreme:wooden_chair":1,"minecraft:torch":1,"tacz:statue":3,"zombie_extreme:dog_food":23,"minecraft:porkchop":9,"tacz:attachment":3,"zombiekit:firecracker":1,"zombie_extreme:syringe_adrenaline":2,"minecraft:redstone":1,"automobility:automobile_frame":1,"minecraft:command_block":1,"zombiekit:bomb_chestplate":4,"zombie_extreme:cupboard":1,"minecraft:rotten_flesh":17,"zombie_extreme:bandage":445,"zombiekit:painkiller":5,"zombiekit:bomb_helmet":7,"zombiekit:potion_jar":1,"minecraft:cod":1,"minecraft:rail":4,"zombiekit:standard_tactical_chestplate":2,"zombiekit:standard_tactical_leggings":2,"minecraft:feather":4,"minecraft:glow_ink_sac":3,"minecraft:salmon":3,"minecraft:leather":13,"zombiekit:heavy_machine_gun_ammo":128,"zombiekit:heavy_machine_gun_summon":2,"zombiekit:bomb_boots":5,"minecraft:gunpowder":10,"zombiekit:flare_gun":1,"minecraft:dirt":64,"minecraft:paper":1,"tacz:ammo_box":8,"minecraft:bone":3,"zombie_extreme:black_ops_glasses_helmet":2,"zombiekit:standard_tactical_helmet":2,"minecraft:wheat_seeds":2,"minecraft:iron_ingot":20,"zombiekit:bomb_leggings":5,"minecraft:cobweb":3,"zombie_extreme:magnetic_card":3,"minecraft:powered_rail":2,"minecraft:glass_bottle":2,"zombie_extreme:military_suit_chestplate":2,"zombie_extreme:night_stand":1,"zombie_extreme:military_cargo":1,"minecraft:sculk_catalyst":2,"zombie_extreme:night_vision_glasses_helmet":2,"bunker_down:underroot_stage_1":2,"zombie_extreme:trader_table":1,"minecraft:poisonous_potato":2,"minecraft:gravel":2,"minecraft:leather_helmet":1,"bunker_down:steel_pressure_plate":1,"zombiekit:exo_leggings":1,"minecraft:oak_wood":1,"minecraft:sugar":2,"minecraft:slime_ball":5,"zombie_extreme:military_suit_boots":2,"tacz:modern_kinetic_gun":65,"zombiekit:trap_cover":3,"zombiekit:exo_helmet":2,"zombie_extreme:electric_katana":1,"zombie_extreme:canned_food":363,"zombiekit:exo_boots":2,"zombiekit:battery":1,"zombie_extreme:black_ops_magnetic_card":1},"minecraft:used":{"minecraft:oak_fence":29,"zombiekit:charger":1,"minecraft:oak_trapdoor":18,"minecraft:orange_dye":3,"zombie_extreme:metal_fence":47,"minecraft:light_gray_dye":2,"zombie_island:eat_courier_spawn_egg":1,"minecraft:armor_stand":31,"zombie_extreme:syringe_stimulator":2,"zombie_extreme:last_hope":2,"minecraft:oak_sign":6,"zombie_island:hazmat_walker_spawn_egg":3,"bunker_down:ceiling_lamp":131,"minecraft:ladder":7,"minecraft:polished_basalt":19,"minecraft:tinted_glass":15,"minecraft:decorated_pot":2,"zombie_extreme:swat_suit_chestplate":1,"zombie_extreme:canned_food":5,"bunker_down:steel_pressure_plate":47,"minecraft:stone":45,"minecraft:zombie_spawn_egg":15,"zombie_extreme:experimental_pill":2,"tacz:statue":28,"zombie_extreme:dizziness_pill":1,"minecraft:spruce_leaves":1,"zombiekit:standard_riot_boots":1,"zombie_extreme:pill_psycho":1,"minecraft:mooshroom_spawn_egg":18,"zombiekit:barbed_wire":25,"minecraft:light_blue_dye":2,"zombie_extreme:exo_suit_chestplate":1,"minecraft:spruce_stairs":22,"cgm:rifle":17,"minecraft:oak_wood":10,"zombie_extreme:syringe_night_vision":1,"tacz:target_minecart":22,"zombiekit:exo_leggings":2,"zombiekit:barbed_wire_extremly_broken":4,"zombie_extreme:bandage":4,"zombiekit:standard_riot_leggings":1,"minecraft:spruce_fence":9,"automobility:automobile_assembler":2,"minecraft:stripped_spruce_log":22,"minecraft:warden_spawn_egg":3,"minecraft:glow_squid_spawn_egg":1,"minecraft:shroomlight":2,"minecraft:glass":23,"minecraft:stone_brick_slab":193,"minecraft:waxed_oxidized_copper":6,"zombie_extreme:spotlight":1,"minecraft:bricks":32,"minecraft:gray_dye":2,"minecraft:light_gray_stained_glass":8,"cgm:shotgun":6,"zombiekit:landmine":31,"zombie_extreme:dog_food":5,"minecraft:grass_block":203,"minecraft:waxed_cut_copper":86,"minecraft:lantern":27,"minecraft:oak_stairs":8,"minecraft:spawner":12,"zombie_extreme:shelf":5,"zombie_extreme:trash_bucket":1,"minecraft:lime_dye":7,"zombie_extreme:syringe_antidote":1,"minecraft:slime_spawn_egg":1,"minecraft:stone_bricks":59,"bunker_down:airlock_iron_door":12,"minecraft:item_frame":126,"minecraft:spruce_hanging_sign":12,"zombiekit:standard_riot_helmet":1,"minecraft:redstone_lamp":5,"zombie_extreme:bear_trap":45,"minecraft:black_stained_glass":64,"minecraft:black_dye":1,"minecraft:egg":445,"minecraft:red_dye":9,"minecraft:zombified_piglin_spawn_egg":8,"zombie_extreme:wire":1,"zombiekit:bomb_boots":3,"minecraft:enchanted_golden_apple":5,"zombie_extreme:empty_cans":4,"zombie_extreme:pill_anti_hunger":1,"zombie_extreme:buzz_killer":3,"zombiekit:heavy_machine_gun_summon":5,"minecraft:water_bucket":10,"bunker_down:steel_vent":2,"minecraft:dark_oak_stairs":21,"minecraft:diorite":7,"minecraft:nether_brick_wall":9,"zombie_extreme:pill_against_radiation":1,"zombie_extreme:swat_suit_leggings":1,"cgm:stun_grenade":14,"minecraft:dark_oak_hanging_sign":1,"minecraft:oak_planks":86,"zombie_extreme:exo_suit_leggings":1,"minecraft:witch_spawn_egg":3,"minecraft:powered_rail":83,"minecraft:polished_andesite":11,"zombiekit:bomb_leggings":3,"zombie_extreme:pill_night_vision":1,"minecraft:waxed_oxidized_cut_copper":3,"minecraft:iron_golem_spawn_egg":5,"minecraft:redstone_block":96,"minecraft:spruce_sign":41,"minecraft:white_dye":9,"minecraft:glow_ink_sac":42,"minecraft:waxed_copper_block":141,"minecraft:white_wool":6,"minecraft:dark_oak_trapdoor":17,"minecraft:brown_dye":1,"zombie_extreme:military_cargo":3,"minecraft:stripped_dark_oak_log":168,"minecraft:rail":192,"minecraft:comparator":1,"minecraft:oak_slab":46,"minecraft:green_dye":10,"minecraft:yellow_concrete":4,"zombiekit:trap_cover":2,"zombiekit:bomb_chestplate":3,"minecraft:cyan_dye":1,"minecraft:mule_spawn_egg":1,"minecraft:dark_oak_door":1,"minecraft:polar_bear_spawn_egg":3,"minecraft:stone_brick_wall":18,"zombie_extreme:cupboard":2,"zombie_extreme:black_ops_cargo":30,"tacz:target":68,"zombiekit:gas_tank":13,"zombie_extreme:exo_suit_boots":1,"minecraft:creeper_spawn_egg":9,"zombiekit:barbed_wire_broken":4,"zombie_extreme:military_machete":3,"zombiekit:exo_chestplate":3,"minecraft:piston":10,"minecraft:flower_pot":2,"minecraft:lever":1,"minecraft:yellow_dye":8,"bunker_down:steel_block":1222,"minecraft:black_concrete":8,"bunker_down:steel_block_slab":861,"minecraft:chicken":1,"zombiekit:exo_boots":2,"minecraft:command_block":12,"minecraft:heavy_weighted_pressure_plate":16,"minecraft:daylight_detector":4,"minecraft:light_gray_concrete":169,"zombie_extreme:radio_installation":2,"minecraft:stone_button":1,"zombiekit:exo_helmet":2,"minecraft:pig_spawn_egg":8,"cgm:grenade":7,"minecraft:spruce_pressure_plate":4,"zombie_extreme:swat_suit_boots":1,"zombie_extreme:wooden_chair":8,"zombiekit:uv_lamp":1,"zombie_extreme:syringe_drug":1,"minecraft:spruce_trapdoor":3,"minecraft:iron_door":2,"minecraft:yellow_wool":9,"zombie_extreme:trader_table":18,"zombiekit:standard_riot_chestplate":1,"zombie_extreme:swat_suit_helmet":1,"zombie_island:mod_fire_axe":6,"zombie_island:firefighter_walker_spawn_egg":1,"zombie_extreme:exo_suit_helmet":1,"zombie_extreme:electric_katana":13,"zombie_extreme:experimental_serum":2,"minecraft:andesite":6,"minecraft:glass_pane":2,"minecraft:repeating_command_block":1,"zombiekit:bomb_helmet":3,"minecraft:stripped_oak_log":29,"zombie_extreme:night_stand":2,"zombie_extreme:syringe_adrenaline":7,"minecraft:goat_spawn_egg":1,"minecraft:white_concrete":15,"minecraft:gray_wool":12,"minecraft:splash_potion":9,"minecraft:smooth_stone":154,"minecraft:gray_stained_glass":16},"minecraft:killed_by":{"minecraft:player":2},"minecraft:custom":{"minecraft:mob_kills":94,"minecraft:interact_with_crafting_table":1,"minecraft:leave_game":21,"minecraft:time_since_death":110107,"minecraft:climb_one_cm":4461,"minecraft:damage_resisted":116,"minecraft:sprint_one_cm":895865,"minecraft:walk_one_cm":1871623,"minecraft:drop":146,"minecraft:play_time":851359,"minecraft:deaths":11,"minecraft:sneak_time":15775,"minecraft:walk_under_water_one_cm":4681,"minecraft:jump":3066,"minecraft:walk_on_water_one_cm":8622,"minecraft:total_world_time":903810,"minecraft:pot_flower":2,"minecraft:time_since_rest":110195,"minecraft:damage_taken":60006829,"minecraft:damage_absorbed":1202,"minecraft:damage_dealt":3164,"minecraft:swim_one_cm":1378,"minecraft:fly_one_cm":2618512,"minecraft:player_kills":6,"minecraft:open_chest":1,"minecraft:crouch_one_cm":19491,"minecraft:fall_one_cm":55175},"minecraft:killed":{"minecraft:zombified_piglin":4,"minecraft:witch":3,"minecraft:slime":4,"minecraft:horse":2,"minecraft:mule":1,"zombie_island:firefighter_walker":1,"minecraft:chicken":7,"zombiekit:uv_lamp":1,"minecraft:warden":3,"zombie_island:hazmat_walker":3,"minecraft:pig":8,"minecraft:iron_golem":5,"minecraft:creeper":9,"zombiekit:heavy_machine_gun":5,"minecraft:polar_bear":3,"minecraft:goat":1,"minecraft:zombie":15,"zombie_island:eat_courier":1,"minecraft:mooshroom":15,"minecraft:glow_squid":1,"minecraft:cow":2}},"DataVersion":3465}