{"stats":{"minecraft:killed":{"minecraft:zombified_piglin":4,"minecraft:witch":3,"minecraft:slime":4,"minecraft:horse":2,"minecraft:mule":1,"zombie_island:firefighter_walker":1,"minecraft:chicken":7,"zombiekit:uv_lamp":1,"minecraft:warden":3,"zombie_island:hazmat_walker":3,"minecraft:pig":8,"minecraft:iron_golem":5,"minecraft:creeper":9,"zombiekit:heavy_machine_gun":5,"minecraft:polar_bear":3,"minecraft:goat":1,"zombie_island:eat_courier":1,"minecraft:zombie":15,"minecraft:mooshroom":15,"minecraft:glow_squid":1,"minecraft:cow":2},"minecraft:killed_by":{"minecraft:player":2},"minecraft:mined":{"zombiekit:flares_light":1,"minecraft:fire":14,"zombiekit:trap_cover":2,"minecraft:oak_wood":2,"minecraft:yellow_wool":1},"minecraft:picked_up":{"zombiekit:medical_kit":5,"zombiekit:miracle":3,"minecraft:chicken":5,"minecraft:yellow_wool":1,"minecraft:wooden_pickaxe":1,"minecraft:brick":1,"zombie_extreme:military_suit_helmet":2,"tacz:ammo":20,"minecraft:item_frame":3,"minecraft:gold_nugget":1,"zombiekit:bile_jar":14,"zombiekit:molotov_cocktail":2,"zombiekit:exo_chestplate":2,"minecraft:beef":34,"minecraft:red_dye":1,"tacz:target":1,"minecraft:poppy":4,"minecraft:egg":16,"minecraft:stick":4,"zombiekit:machine_gun_components":5,"zombie_extreme:wooden_chair":1,"minecraft:torch":1,"tacz:statue":3,"zombie_extreme:dog_food":23,"minecraft:porkchop":9,"tacz:attachment":3,"zombiekit:firecracker":1,"zombie_extreme:syringe_adrenaline":1,"minecraft:redstone":1,"automobility:automobile_frame":1,"minecraft:command_block":1,"zombiekit:bomb_chestplate":3,"zombie_extreme:cupboard":1,"minecraft:rotten_flesh":17,"zombie_extreme:bandage":45,"zombiekit:painkiller":4,"zombiekit:bomb_helmet":4,"zombiekit:potion_jar":1,"minecraft:cod":1,"minecraft:rail":3,"zombiekit:standard_tactical_chestplate":2,"zombiekit:standard_tactical_leggings":2,"minecraft:feather":4,"minecraft:glow_ink_sac":3,"minecraft:salmon":3,"minecraft:leather":13,"zombiekit:heavy_machine_gun_ammo":128,"zombiekit:heavy_machine_gun_summon":2,"zombiekit:bomb_boots":4,"minecraft:gunpowder":10,"zombiekit:flare_gun":1,"minecraft:dirt":64,"minecraft:paper":1,"tacz:ammo_box":8,"zombie_extreme:black_ops_glasses_helmet":2,"minecraft:bone":3,"zombiekit:standard_tactical_helmet":2,"minecraft:wheat_seeds":2,"minecraft:iron_ingot":20,"zombiekit:bomb_leggings":4,"minecraft:cobweb":3,"zombie_extreme:magnetic_card":3,"minecraft:powered_rail":1,"minecraft:glass_bottle":2,"zombie_extreme:military_suit_chestplate":2,"zombie_extreme:night_stand":1,"zombie_extreme:military_cargo":1,"minecraft:sculk_catalyst":2,"zombie_extreme:night_vision_glasses_helmet":2,"bunker_down:underroot_stage_1":2,"zombie_extreme:trader_table":1,"minecraft:gravel":2,"minecraft:poisonous_potato":2,"minecraft:leather_helmet":1,"bunker_down:steel_pressure_plate":1,"zombiekit:exo_leggings":1,"minecraft:oak_wood":1,"minecraft:sugar":2,"minecraft:slime_ball":5,"zombie_extreme:military_suit_boots":2,"tacz:modern_kinetic_gun":62,"zombiekit:trap_cover":3,"zombiekit:exo_helmet":2,"zombie_extreme:electric_katana":1,"zombie_extreme:canned_food":27,"zombiekit:exo_boots":2,"zombiekit:battery":1},"minecraft:custom":{"minecraft:mob_kills":94,"minecraft:interact_with_crafting_table":1,"minecraft:leave_game":19,"minecraft:time_since_death":4464,"minecraft:climb_one_cm":4461,"minecraft:damage_resisted":116,"minecraft:sprint_one_cm":717172,"minecraft:walk_one_cm":1622544,"minecraft:drop":96,"minecraft:play_time":745716,"minecraft:deaths":11,"minecraft:sneak_time":14654,"minecraft:walk_under_water_one_cm":4642,"minecraft:jump":2579,"minecraft:walk_on_water_one_cm":8554,"minecraft:total_world_time":798167,"minecraft:pot_flower":2,"minecraft:time_since_rest":4552,"minecraft:damage_taken":60006829,"minecraft:damage_absorbed":1202,"minecraft:damage_dealt":3494,"minecraft:swim_one_cm":1378,"minecraft:fly_one_cm":2415042,"minecraft:player_kills":5,"minecraft:open_chest":1,"minecraft:crouch_one_cm":18540,"minecraft:fall_one_cm":55175},"minecraft:used":{"minecraft:oak_fence":4,"zombiekit:charger":1,"minecraft:oak_trapdoor":18,"zombie_extreme:metal_fence":47,"zombie_island:eat_courier_spawn_egg":1,"minecraft:armor_stand":31,"zombie_extreme:syringe_stimulator":2,"zombie_extreme:last_hope":2,"bunker_down:ceiling_lamp":72,"minecraft:ladder":7,"minecraft:polished_basalt":19,"zombie_island:hazmat_walker_spawn_egg":3,"minecraft:decorated_pot":2,"minecraft:tinted_glass":15,"zombie_extreme:swat_suit_chestplate":1,"zombie_extreme:canned_food":5,"bunker_down:steel_pressure_plate":39,"minecraft:stone":43,"minecraft:zombie_spawn_egg":15,"zombie_extreme:experimental_pill":2,"tacz:statue":28,"zombie_extreme:dizziness_pill":1,"zombiekit:standard_riot_boots":1,"minecraft:spruce_leaves":1,"zombie_extreme:pill_psycho":1,"minecraft:mooshroom_spawn_egg":18,"zombiekit:barbed_wire":25,"minecraft:light_blue_dye":2,"zombie_extreme:exo_suit_chestplate":1,"minecraft:spruce_stairs":22,"minecraft:oak_wood":10,"zombie_extreme:syringe_night_vision":1,"tacz:target_minecart":13,"zombiekit:exo_leggings":2,"zombiekit:barbed_wire_extremly_broken":4,"zombie_extreme:bandage":4,"zombiekit:standard_riot_leggings":1,"minecraft:spruce_fence":8,"automobility:automobile_assembler":2,"minecraft:stripped_spruce_log":21,"minecraft:warden_spawn_egg":3,"minecraft:glow_squid_spawn_egg":1,"minecraft:shroomlight":2,"minecraft:glass":23,"minecraft:stone_brick_slab":193,"minecraft:waxed_oxidized_copper":6,"zombie_extreme:spotlight":1,"minecraft:bricks":32,"minecraft:light_gray_stained_glass":8,"zombiekit:landmine":31,"zombie_extreme:dog_food":5,"minecraft:waxed_cut_copper":86,"minecraft:grass_block":203,"minecraft:lantern":22,"minecraft:oak_stairs":8,"minecraft:spawner":12,"zombie_extreme:shelf":5,"zombie_extreme:trash_bucket":1,"minecraft:lime_dye":7,"zombie_extreme:syringe_antidote":1,"minecraft:stone_bricks":59,"minecraft:item_frame":108,"bunker_down:airlock_iron_door":10,"minecraft:slime_spawn_egg":1,"minecraft:spruce_hanging_sign":12,"minecraft:redstone_lamp":5,"zombiekit:standard_riot_helmet":1,"zombie_extreme:bear_trap":45,"minecraft:black_stained_glass":64,"minecraft:egg":444,"minecraft:red_dye":5,"minecraft:zombified_piglin_spawn_egg":8,"zombie_extreme:wire":1,"zombiekit:bomb_boots":3,"minecraft:enchanted_golden_apple":5,"zombie_extreme:empty_cans":4,"zombie_extreme:pill_anti_hunger":1,"zombie_extreme:buzz_killer":3,"zombiekit:heavy_machine_gun_summon":5,"minecraft:water_bucket":10,"minecraft:dark_oak_stairs":21,"bunker_down:steel_vent":2,"minecraft:diorite":7,"minecraft:nether_brick_wall":8,"zombie_extreme:pill_against_radiation":1,"zombie_extreme:swat_suit_leggings":1,"minecraft:dark_oak_hanging_sign":1,"minecraft:oak_planks":6,"minecraft:witch_spawn_egg":3,"zombie_extreme:exo_suit_leggings":1,"minecraft:powered_rail":34,"minecraft:polished_andesite":11,"zombiekit:bomb_leggings":3,"zombie_extreme:pill_night_vision":1,"minecraft:waxed_oxidized_cut_copper":3,"minecraft:iron_golem_spawn_egg":5,"minecraft:redstone_block":46,"minecraft:spruce_sign":40,"minecraft:white_dye":9,"minecraft:glow_ink_sac":32,"minecraft:waxed_copper_block":141,"minecraft:white_wool":6,"minecraft:dark_oak_trapdoor":15,"zombie_extreme:military_cargo":1,"minecraft:stripped_dark_oak_log":168,"minecraft:rail":63,"minecraft:comparator":1,"minecraft:oak_slab":22,"minecraft:green_dye":2,"minecraft:yellow_concrete":4,"zombiekit:trap_cover":2,"zombiekit:bomb_chestplate":3,"minecraft:mule_spawn_egg":1,"minecraft:polar_bear_spawn_egg":3,"minecraft:stone_brick_wall":18,"zombie_extreme:cupboard":2,"tacz:target":41,"zombiekit:gas_tank":13,"zombie_extreme:exo_suit_boots":1,"minecraft:creeper_spawn_egg":9,"zombiekit:barbed_wire_broken":4,"zombie_extreme:military_machete":3,"zombiekit:exo_chestplate":3,"minecraft:piston":10,"minecraft:flower_pot":2,"minecraft:lever":1,"minecraft:yellow_dye":7,"bunker_down:steel_block":1014,"minecraft:black_concrete":8,"bunker_down:steel_block_slab":745,"minecraft:chicken":1,"zombiekit:exo_boots":2,"minecraft:command_block":12,"minecraft:heavy_weighted_pressure_plate":16,"minecraft:daylight_detector":4,"minecraft:light_gray_concrete":127,"zombie_extreme:radio_installation":2,"minecraft:stone_button":1,"zombiekit:exo_helmet":2,"minecraft:pig_spawn_egg":8,"minecraft:spruce_pressure_plate":4,"zombie_extreme:swat_suit_boots":1,"zombie_extreme:wooden_chair":8,"zombiekit:uv_lamp":1,"zombie_extreme:syringe_drug":1,"minecraft:spruce_trapdoor":3,"minecraft:iron_door":1,"minecraft:yellow_wool":9,"zombie_extreme:trader_table":18,"zombiekit:standard_riot_chestplate":1,"zombie_extreme:swat_suit_helmet":1,"zombie_island:mod_fire_axe":6,"zombie_island:firefighter_walker_spawn_egg":1,"zombie_extreme:exo_suit_helmet":1,"zombie_extreme:electric_katana":13,"zombie_extreme:experimental_serum":2,"minecraft:andesite":6,"minecraft:repeating_command_block":1,"zombiekit:bomb_helmet":3,"minecraft:stripped_oak_log":29,"zombie_extreme:night_stand":2,"zombie_extreme:syringe_adrenaline":7,"minecraft:goat_spawn_egg":1,"minecraft:white_concrete":15,"minecraft:gray_wool":12,"minecraft:splash_potion":9,"minecraft:smooth_stone":105,"minecraft:gray_stained_glass":16},"minecraft:dropped":{"zombiekit:painkiller":2,"zombiekit:standard_tactical_helmet":1,"zombiekit:exo_boots":2,"zombiekit:molotov_cocktail":2,"zombiekit:battery":1,"minecraft:item_frame":1,"zombiekit:bomb_boots":2,"tacz:ammo_box":2,"zombie_extreme:magnetic_card":2,"zombie_extreme:black_ops_glasses_helmet":1,"zombiekit:bomb_chestplate":2,"zombiekit:standard_tactical_chestplate":1,"zombie_extreme:night_vision_glasses_helmet":1,"zombiekit:exo_chestplate":2,"zombiekit:standard_tactical_boots":1,"tacz:modern_kinetic_gun":17,"zombiekit:bomb_leggings":2,"zombie_extreme:syringe_adrenaline":3,"zombie_extreme:dog_food":18,"zombie_extreme:electric_katana":1,"zombiekit:bomb_helmet":2,"minecraft:enchanted_golden_apple":139,"zombie_extreme:canned_food":18,"zombiekit:bile_jar":5,"zombiekit:medical_kit":2,"zombiekit:exo_leggings":2,"zombie_extreme:bandage":19,"zombiekit:standard_tactical_leggings":1,"zombiekit:miracle":2,"tacz:ammo":120,"zombiekit:exo_helmet":2,"tacz:attachment":7}},"DataVersion":3465}