{"stats":{"minecraft:killed_by":{"minecraft:player":4},"minecraft:picked_up":{"zombiekit:exo_leggings":1,"zombiekit:medical_kit":1,"zombiekit:bomb_chestplate":1,"tacz:modern_kinetic_gun":2,"zombiekit:bomb_helmet":1,"zombie_extreme:dog_food":13,"zombiekit:bomb_leggings":1,"zombiekit:bomb_boots":1,"minecraft:enchanted_golden_apple":65},"minecraft:custom":{"minecraft:time_since_rest":18217,"minecraft:damage_taken":10008618,"minecraft:damage_absorbed":1208,"minecraft:play_time":74982,"minecraft:sprint_one_cm":95,"minecraft:deaths":5,"minecraft:walk_one_cm":8827,"minecraft:sneak_time":297,"minecraft:walk_under_water_one_cm":1032,"minecraft:drop":2,"minecraft:jump":15,"minecraft:leave_game":5,"minecraft:time_since_death":17730,"minecraft:walk_on_water_one_cm":110,"minecraft:total_world_time":74982,"minecraft:damage_resisted":1909,"minecraft:fly_one_cm":16354,"minecraft:player_kills":1},"minecraft:used":{"zombie_extreme:dog_food":3,"zombiekit:bomb_chestplate":1,"zombiekit:bomb_leggings":1,"zombiekit:bomb_helmet":1,"minecraft:enchanted_golden_apple":10,"zombiekit:bomb_boots":1},"minecraft:dropped":{"zombiekit:painkiller":1,"zombiekit:medical_kit":1}},"DataVersion":3465}