{"stats":{"minecraft:dropped":{"minecraft:dirt":8,"zombie_extreme:magnetic_card":1,"tacz:modern_kinetic_gun":6,"tacz:ammo":20,"tacz:attachment":3},"minecraft:mined":{"minecraft:grass_block":3,"minecraft:dirt":5,"minecraft:oak_leaves":1},"minecraft:used":{"zombie_extreme:canned_food":2,"minecraft:dirt":4,"zombie_extreme:syringe_adrenaline":1,"zombie_extreme:bandage":11,"minecraft:enchanted_golden_apple":13},"minecraft:picked_up":{"zombiekit:medical_kit":1,"zombiekit:standard_tactical_chestplate":1,"zombiekit:standard_tactical_leggings":1,"zombiekit:standard_tactical_boots":1,"zombiekit:miracle":1,"zombie_extreme:night_vision_glasses_helmet":1,"tacz:attachment":7,"zombiekit:bomb_boots":1,"zombie_extreme:syringe_adrenaline":3,"minecraft:dirt":12,"zombiekit:exo_leggings":1,"tacz:ammo_box":2,"tacz:ammo":120,"zombie_extreme:black_ops_glasses_helmet":1,"zombiekit:bomb_chestplate":1,"zombiekit:standard_tactical_helmet":1,"zombiekit:bile_jar":4,"zombie_extreme:bandage":17,"tacz:modern_kinetic_gun":6,"zombiekit:painkiller":1,"zombiekit:bomb_helmet":1,"zombiekit:exo_chestplate":1,"zombiekit:exo_helmet":1,"zombiekit:bomb_leggings":1,"zombie_extreme:magnetic_card":2,"minecraft:enchanted_golden_apple":74,"zombie_extreme:canned_food":17,"zombiekit:exo_boots":1,"minecraft:egg":1},"minecraft:killed_by":{"minecraft:player":1},"minecraft:custom":{"minecraft:time_since_rest":838,"minecraft:damage_taken":3419,"minecraft:sprint_one_cm":34231,"minecraft:damage_absorbed":286,"minecraft:walk_one_cm":162349,"minecraft:drop":19,"minecraft:damage_dealt":87,"minecraft:fly_one_cm":50810,"minecraft:play_time":83750,"minecraft:crouch_one_cm":3310,"minecraft:deaths":2,"minecraft:sneak_time":1192,"minecraft:jump":222,"minecraft:leave_game":1,"minecraft:time_since_death":731,"minecraft:walk_on_water_one_cm":519,"minecraft:total_world_time":83750,"minecraft:climb_one_cm":558,"minecraft:damage_resisted":220,"minecraft:fall_one_cm":4499}},"DataVersion":3465}