{"stats":{"minecraft:dropped":{"minecraft:dirt":8,"zombie_extreme:magnetic_card":1,"tacz:modern_kinetic_gun":6,"tacz:ammo":20,"tacz:attachment":3},"minecraft:mined":{"minecraft:grass_block":3,"minecraft:dirt":5,"minecraft:oak_leaves":1},"minecraft:picked_up":{"zombie_extreme:syringe_drug":2,"zombiekit:medical_kit":2,"zombiekit:standard_tactical_chestplate":2,"zombiekit:standard_tactical_leggings":2,"zombiekit:standard_tactical_boots":2,"zombiekit:miracle":2,"zombie_extreme:night_vision_glasses_helmet":1,"zombie_extreme:pill_anti_hunger":1,"tacz:attachment":7,"zombiekit:bomb_boots":5,"zombie_extreme:syringe_adrenaline":4,"zombie_extreme:pill_night_vision":1,"zombie_extreme:experimental_serum":1,"zombie_extreme:syringe_stimulator":1,"minecraft:dirt":12,"zombiekit:exo_leggings":1,"zombie_extreme:experimental_pill":1,"tacz:ammo_box":2,"tacz:ammo":120,"zombie_extreme:black_ops_glasses_helmet":1,"zombiekit:bomb_chestplate":6,"zombiekit:standard_tactical_helmet":2,"zombiekit:bile_jar":4,"zombie_extreme:bandage":18,"tacz:modern_kinetic_gun":6,"zombie_extreme:pill_against_radiation":1,"zombiekit:painkiller":2,"zombiekit:bomb_helmet":6,"zombiekit:exo_chestplate":1,"zombiekit:exo_helmet":1,"zombiekit:bomb_leggings":6,"zombie_extreme:syringe_antidote":1,"zombie_extreme:syringe_night_vision":1,"zombie_extreme:magnetic_card":2,"minecraft:enchanted_golden_apple":74,"zombie_extreme:canned_food":17,"zombiekit:exo_boots":1,"zombie_extreme:pill_psycho":1,"minecraft:egg":1},"minecraft:used":{"zombie_extreme:pill_against_radiation":1,"zombie_extreme:syringe_stimulator":1,"zombiekit:standard_tactical_leggings":1,"zombiekit:bomb_leggings":5,"zombie_extreme:pill_night_vision":1,"zombie_extreme:canned_food":2,"zombie_extreme:syringe_drug":2,"zombie_extreme:experimental_pill":1,"zombiekit:standard_tactical_helmet":1,"zombie_extreme:syringe_antidote":1,"zombiekit:standard_tactical_chestplate":1,"zombie_extreme:pill_psycho":1,"minecraft:dirt":4,"zombie_extreme:experimental_serum":1,"zombiekit:standard_tactical_boots":1,"zombie_extreme:syringe_night_vision":1,"zombiekit:bomb_chestplate":5,"zombiekit:bomb_helmet":5,"zombie_extreme:syringe_adrenaline":2,"zombie_extreme:bandage":12,"minecraft:enchanted_golden_apple":13,"zombiekit:bomb_boots":4,"zombie_extreme:pill_anti_hunger":1},"minecraft:killed_by":{"minecraft:player":17},"minecraft:custom":{"minecraft:time_since_rest":0,"minecraft:damage_taken":100014753,"minecraft:sprint_one_cm":34346,"minecraft:damage_absorbed":486,"minecraft:walk_one_cm":171940,"minecraft:drop":19,"minecraft:damage_dealt":87,"minecraft:fly_one_cm":56247,"minecraft:play_time":173771,"minecraft:crouch_one_cm":3310,"minecraft:deaths":19,"minecraft:sneak_time":1199,"minecraft:jump":257,"minecraft:leave_game":4,"minecraft:time_since_death":0,"minecraft:walk_on_water_one_cm":519,"minecraft:total_world_time":173771,"minecraft:climb_one_cm":558,"minecraft:damage_resisted":17811,"minecraft:fall_one_cm":6987}},"DataVersion":3465}