{"stats":{"minecraft:picked_up":{"zombiekit:exo_leggings":1,"zombiekit:medical_kit":1,"tacz:ammo":60,"zombiekit:bomb_chestplate":1,"zombie_extreme:bandage":1,"tacz:modern_kinetic_gun":5,"zombiekit:painkiller":1,"zombiekit:bomb_helmet":1,"zombiekit:exo_chestplate":1,"zombiekit:exo_helmet":1,"zombiekit:bomb_leggings":1,"zombiekit:bomb_boots":1,"zombie_extreme:magnetic_card":1,"zombie_extreme:canned_food":1,"zombie_extreme:syringe_adrenaline":1,"minecraft:enchanted_golden_apple":72,"zombiekit:exo_boots":1},"minecraft:custom":{"minecraft:time_since_rest":36661,"minecraft:walk_one_cm":67136,"minecraft:play_time":37283,"minecraft:sprint_one_cm":11719,"minecraft:damage_taken":2401,"minecraft:deaths":1,"minecraft:damage_absorbed":286,"minecraft:sneak_time":1,"minecraft:drop":8,"minecraft:jump":41,"minecraft:damage_dealt":87,"minecraft:time_since_death":36593,"minecraft:walk_on_water_one_cm":299,"minecraft:total_world_time":37283,"minecraft:damage_resisted":220,"minecraft:fly_one_cm":696},"minecraft:used":{"zombie_extreme:bandage":1,"zombie_extreme:syringe_adrenaline":1,"zombie_extreme:canned_food":1,"minecraft:enchanted_golden_apple":11},"minecraft:dropped":{"tacz:ammo":3,"tacz:modern_kinetic_gun":5}},"DataVersion":3465}