{"stats":{"minecraft:dropped":{"minecraft:dirt":8,"zombie_extreme:magnetic_card":1,"tacz:modern_kinetic_gun":6,"tacz:ammo":20,"tacz:attachment":3},"minecraft:mined":{"minecraft:grass_block":3,"minecraft:dirt":5,"minecraft:oak_leaves":1},"minecraft:picked_up":{"zombiekit:medical_kit":1,"zombiekit:standard_tactical_chestplate":1,"zombiekit:standard_tactical_leggings":1,"zombiekit:standard_tactical_boots":1,"zombiekit:miracle":1,"zombie_extreme:night_vision_glasses_helmet":1,"tacz:attachment":7,"zombiekit:bomb_boots":2,"zombie_extreme:syringe_adrenaline":3,"minecraft:dirt":12,"zombiekit:exo_leggings":1,"tacz:ammo_box":2,"tacz:ammo":120,"zombie_extreme:black_ops_glasses_helmet":1,"zombiekit:bomb_chestplate":2,"zombiekit:standard_tactical_helmet":1,"zombiekit:bile_jar":4,"zombie_extreme:bandage":17,"tacz:modern_kinetic_gun":6,"zombiekit:painkiller":1,"zombiekit:bomb_helmet":2,"zombiekit:exo_chestplate":1,"zombiekit:exo_helmet":1,"zombiekit:bomb_leggings":2,"zombie_extreme:magnetic_card":2,"minecraft:enchanted_golden_apple":74,"zombie_extreme:canned_food":17,"zombiekit:exo_boots":1,"minecraft:egg":1},"minecraft:used":{"zombiekit:bomb_leggings":1,"zombie_extreme:canned_food":2,"minecraft:dirt":4,"zombiekit:bomb_chestplate":1,"zombiekit:bomb_helmet":1,"zombie_extreme:syringe_adrenaline":1,"zombie_extreme:bandage":11,"minecraft:enchanted_golden_apple":13,"zombiekit:bomb_boots":1},"minecraft:killed_by":{"minecraft:player":2},"minecraft:custom":{"minecraft:time_since_rest":13743,"minecraft:damage_absorbed":286,"minecraft:sprint_one_cm":34231,"minecraft:damage_taken":20004289,"minecraft:walk_one_cm":164028,"minecraft:drop":19,"minecraft:damage_dealt":87,"minecraft:fly_one_cm":51805,"minecraft:play_time":118702,"minecraft:crouch_one_cm":3310,"minecraft:deaths":4,"minecraft:sneak_time":1199,"minecraft:jump":236,"minecraft:leave_game":2,"minecraft:time_since_death":13619,"minecraft:walk_on_water_one_cm":519,"minecraft:total_world_time":118702,"minecraft:climb_one_cm":558,"minecraft:damage_resisted":220,"minecraft:fall_one_cm":5923}},"DataVersion":3465}