{"stats":{"minecraft:dropped":{"minecraft:dirt":8,"zombie_extreme:magnetic_card":1,"tacz:modern_kinetic_gun":6,"tacz:ammo":20,"tacz:attachment":3},"minecraft:mined":{"minecraft:grass_block":3,"minecraft:dirt":5,"minecraft:oak_leaves":1},"minecraft:picked_up":{"zombiekit:medical_kit":1,"zombiekit:standard_tactical_chestplate":1,"zombiekit:standard_tactical_leggings":1,"zombiekit:standard_tactical_boots":1,"zombiekit:miracle":1,"zombie_extreme:night_vision_glasses_helmet":1,"tacz:attachment":7,"zombiekit:bomb_boots":4,"zombie_extreme:syringe_adrenaline":3,"minecraft:dirt":12,"zombiekit:exo_leggings":1,"tacz:ammo_box":2,"tacz:ammo":120,"zombie_extreme:black_ops_glasses_helmet":1,"zombiekit:bomb_chestplate":6,"zombiekit:standard_tactical_helmet":1,"zombiekit:bile_jar":4,"zombie_extreme:bandage":17,"tacz:modern_kinetic_gun":6,"zombiekit:painkiller":1,"zombiekit:bomb_helmet":6,"zombiekit:exo_chestplate":1,"zombiekit:exo_helmet":1,"zombiekit:bomb_leggings":6,"zombie_extreme:magnetic_card":2,"minecraft:enchanted_golden_apple":74,"zombie_extreme:canned_food":17,"zombiekit:exo_boots":1,"minecraft:egg":1},"minecraft:used":{"zombiekit:bomb_leggings":5,"zombie_extreme:canned_food":2,"minecraft:dirt":4,"zombiekit:bomb_chestplate":5,"zombiekit:bomb_helmet":5,"zombie_extreme:syringe_adrenaline":1,"zombie_extreme:bandage":11,"minecraft:enchanted_golden_apple":13,"zombiekit:bomb_boots":3},"minecraft:killed_by":{"minecraft:player":5},"minecraft:custom":{"minecraft:time_since_rest":2911,"minecraft:damage_taken":60006566,"minecraft:sprint_one_cm":34346,"minecraft:damage_absorbed":286,"minecraft:walk_one_cm":169349,"minecraft:drop":19,"minecraft:damage_dealt":87,"minecraft:fly_one_cm":52695,"minecraft:play_time":156688,"minecraft:crouch_one_cm":3310,"minecraft:deaths":7,"minecraft:sneak_time":1199,"minecraft:jump":248,"minecraft:leave_game":3,"minecraft:time_since_death":2854,"minecraft:walk_on_water_one_cm":519,"minecraft:total_world_time":156688,"minecraft:climb_one_cm":558,"minecraft:damage_resisted":6510,"minecraft:fall_one_cm":6676}},"DataVersion":3465}