{"stats":{"minecraft:mined":{"minecraft:grass_block":1,"minecraft:dirt":3,"minecraft:oak_leaves":1},"minecraft:picked_up":{"zombiekit:standard_tactical_chestplate":1,"zombiekit:medical_kit":1,"zombiekit:standard_tactical_boots":1,"zombiekit:standard_tactical_leggings":1,"zombiekit:miracle":1,"zombie_extreme:night_vision_glasses_helmet":1,"zombiekit:bomb_boots":1,"tacz:attachment":7,"zombie_extreme:syringe_adrenaline":3,"minecraft:dirt":4,"zombiekit:exo_leggings":1,"tacz:ammo_box":2,"tacz:ammo":120,"zombie_extreme:black_ops_glasses_helmet":1,"zombiekit:bomb_chestplate":1,"zombiekit:standard_tactical_helmet":1,"tacz:modern_kinetic_gun":6,"zombie_extreme:bandage":17,"zombiekit:bile_jar":4,"zombiekit:painkiller":1,"zombiekit:bomb_helmet":1,"zombiekit:exo_helmet":1,"zombiekit:exo_chestplate":1,"zombiekit:bomb_leggings":1,"zombie_extreme:magnetic_card":2,"minecraft:enchanted_golden_apple":74,"zombie_extreme:canned_food":17,"zombiekit:exo_boots":1},"minecraft:custom":{"minecraft:time_since_rest":72661,"minecraft:damage_absorbed":286,"minecraft:sprint_one_cm":11999,"minecraft:damage_taken":2781,"minecraft:walk_one_cm":112408,"minecraft:drop":15,"minecraft:damage_dealt":87,"minecraft:fly_one_cm":49958,"minecraft:crouch_one_cm":1113,"minecraft:play_time":73283,"minecraft:deaths":1,"minecraft:sneak_time":684,"minecraft:jump":80,"minecraft:walk_on_water_one_cm":519,"minecraft:time_since_death":72593,"minecraft:damage_resisted":220,"minecraft:total_world_time":73283,"minecraft:climb_one_cm":558,"minecraft:fall_one_cm":4499},"minecraft:used":{"zombie_extreme:canned_food":1,"minecraft:dirt":4,"zombie_extreme:syringe_adrenaline":1,"zombie_extreme:bandage":1,"minecraft:enchanted_golden_apple":13},"minecraft:dropped":{"zombie_extreme:magnetic_card":1,"tacz:modern_kinetic_gun":6,"tacz:ammo":20,"tacz:attachment":3}},"DataVersion":3465}