{"stats":{"minecraft:picked_up":{"minecraft:enchanted_golden_apple":4,"zombie_extreme:syringe_adrenaline":1,"zombie_extreme:canned_food":1,"zombie_extreme:bandage":1,"zombiekit:painkiller":1},"minecraft:custom":{"minecraft:jump":16,"minecraft:damage_dealt":57,"minecraft:time_since_rest":12661,"minecraft:walk_on_water_one_cm":106,"minecraft:damage_resisted":43,"minecraft:damage_absorbed":136,"minecraft:sprint_one_cm":21,"minecraft:deaths":1,"minecraft:play_time":13283,"minecraft:damage_taken":1896,"minecraft:time_since_death":12593,"minecraft:walk_one_cm":20763,"minecraft:sneak_time":1,"minecraft:total_world_time":13283,"minecraft:fly_one_cm":336},"minecraft:used":{"zombie_extreme:syringe_adrenaline":1,"zombie_extreme:canned_food":1,"zombie_extreme:bandage":1,"minecraft:enchanted_golden_apple":4}},"DataVersion":3465}