{"stats":{"minecraft:picked_up":{"zombiekit:miracle":1,"zombiekit:exo_leggings":1,"tacz:ammo_box":2,"zombiekit:medical_kit":1,"tacz:ammo":120,"zombiekit:bomb_chestplate":1,"zombiekit:bile_jar":4,"zombie_extreme:bandage":17,"tacz:modern_kinetic_gun":6,"zombiekit:painkiller":1,"zombiekit:bomb_helmet":1,"zombiekit:exo_chestplate":1,"zombiekit:exo_helmet":1,"zombiekit:bomb_leggings":1,"tacz:attachment":7,"zombiekit:bomb_boots":1,"zombie_extreme:magnetic_card":2,"zombie_extreme:canned_food":17,"zombie_extreme:syringe_adrenaline":3,"minecraft:enchanted_golden_apple":72,"zombiekit:exo_boots":1},"minecraft:custom":{"minecraft:time_since_rest":60661,"minecraft:walk_one_cm":89931,"minecraft:play_time":61283,"minecraft:sprint_one_cm":11719,"minecraft:damage_taken":2401,"minecraft:deaths":1,"minecraft:damage_absorbed":286,"minecraft:sneak_time":251,"minecraft:drop":15,"minecraft:jump":50,"minecraft:damage_dealt":87,"minecraft:climb_one_cm":558,"minecraft:time_since_death":60593,"minecraft:walk_on_water_one_cm":413,"minecraft:total_world_time":61283,"minecraft:damage_resisted":220,"minecraft:fly_one_cm":696},"minecraft:used":{"zombie_extreme:bandage":1,"zombie_extreme:syringe_adrenaline":1,"zombie_extreme:canned_food":1,"minecraft:enchanted_golden_apple":11},"minecraft:dropped":{"tacz:ammo":20,"tacz:modern_kinetic_gun":6,"zombie_extreme:magnetic_card":1,"tacz:attachment":3}},"DataVersion":3465}