{"stats":{"minecraft:picked_up":{"zombiekit:exo_leggings":1,"zombiekit:medical_kit":1,"zombiekit:bomb_chestplate":1,"zombie_extreme:bandage":1,"tacz:modern_kinetic_gun":1,"zombiekit:painkiller":1,"zombiekit:bomb_helmet":1,"zombiekit:exo_chestplate":1,"zombiekit:exo_helmet":1,"zombiekit:bomb_leggings":1,"zombiekit:bomb_boots":1,"zombie_extreme:canned_food":1,"zombie_extreme:syringe_adrenaline":1,"minecraft:enchanted_golden_apple":72,"zombiekit:exo_boots":1},"minecraft:custom":{"minecraft:time_since_rest":24661,"minecraft:walk_one_cm":40986,"minecraft:play_time":25283,"minecraft:sprint_one_cm":235,"minecraft:damage_taken":2371,"minecraft:deaths":1,"minecraft:damage_absorbed":286,"minecraft:sneak_time":1,"minecraft:jump":19,"minecraft:damage_dealt":87,"minecraft:time_since_death":24593,"minecraft:walk_on_water_one_cm":299,"minecraft:total_world_time":25283,"minecraft:damage_resisted":220,"minecraft:fly_one_cm":376},"minecraft:used":{"zombie_extreme:bandage":1,"zombie_extreme:syringe_adrenaline":1,"zombie_extreme:canned_food":1,"minecraft:enchanted_golden_apple":11}},"DataVersion":3465}