{
  "zombiekit:zombie_kit": {
    "criteria": {
      "zombie_kit": "2024-11-23 19:59:50 +0000"
    },
    "done": true
  },
  "bunker_down:first_joined_world": {
    "criteria": {
      "first_joined_world": "2024-11-23 19:59:51 +0000"
    },
    "done": true
  },
  "minecraft:recipes/decorations/crafting_table": {
    "criteria": {
      "unlock_right_away": "2024-11-23 19:59:50 +0000"
    },
    "done": true
  },
  "minecraft:adventure/adventuring_time": {
    "criteria": {
      "minecraft:plains": "2024-11-23 19:59:51 +0000"
    },
    "done": false
  },
  "zombiekit:grant_book_on_first_join": {
    "criteria": {
      "tick": "2024-11-23 19:59:50 +0000"
    },
    "done": true
  },
  "DataVersion": 3465
}